<?xml version="1.0" encoding="UTF-8"?>
<GenRun Id="impl_1" LaunchPart="xc7a35tcsg324-1" LaunchTime="1669557375">
  <File Type="BITSTR-BMM" Name="Demo_bd.bmm"/>
  <File Type="OPT-METHODOLOGY-DRC" Name="Demo_methodology_drc_opted.rpt"/>
  <File Type="INIT-TIMING" Name="Demo_timing_summary_init.rpt"/>
  <File Type="ROUTE-PWR" Name="Demo_power_routed.rpt"/>
  <File Type="PA-TCL" Name="Demo.tcl"/>
  <File Type="OPT-TIMING" Name="Demo_timing_summary_opted.rpt"/>
  <File Type="OPT-DCP" Name="Demo_opt.dcp"/>
  <File Type="ROUTE-PWR-SUM" Name="Demo_power_summary_routed.pb"/>
  <File Type="REPORTS-TCL" Name="Demo_reports.tcl"/>
  <File Type="OPT-DRC" Name="Demo_drc_opted.rpt"/>
  <File Type="OPT-HWDEF" Name="Demo.hwdef"/>
  <File Type="PWROPT-DCP" Name="Demo_pwropt.dcp"/>
  <File Type="PWROPT-DRC" Name="Demo_drc_pwropted.rpt"/>
  <File Type="PWROPT-TIMING" Name="Demo_timing_summary_pwropted.rpt"/>
  <File Type="PLACE-DCP" Name="Demo_placed.dcp"/>
  <File Type="PLACE-IO" Name="Demo_io_placed.rpt"/>
  <File Type="PLACE-CLK" Name="Demo_clock_utilization_placed.rpt"/>
  <File Type="PLACE-UTIL" Name="Demo_utilization_placed.rpt"/>
  <File Type="PLACE-UTIL-PB" Name="Demo_utilization_placed.pb"/>
  <File Type="PLACE-CTRL" Name="Demo_control_sets_placed.rpt"/>
  <File Type="PLACE-SIMILARITY" Name="Demo_incremental_reuse_placed.rpt"/>
  <File Type="PLACE-PRE-SIMILARITY" Name="Demo_incremental_reuse_pre_placed.rpt"/>
  <File Type="BG-BGN" Name="Demo.bgn"/>
  <File Type="PLACE-TIMING" Name="Demo_timing_summary_placed.rpt"/>
  <File Type="POSTPLACE-PWROPT-DCP" Name="Demo_postplace_pwropt.dcp"/>
  <File Type="BG-BIN" Name="Demo.bin"/>
  <File Type="POSTPLACE-PWROPT-TIMING" Name="Demo_timing_summary_postplace_pwropted.rpt"/>
  <File Type="PHYSOPT-DCP" Name="Demo_physopt.dcp"/>
  <File Type="PHYSOPT-DRC" Name="Demo_drc_physopted.rpt"/>
  <File Type="BITSTR-MSK" Name="Demo.msk"/>
  <File Type="PHYSOPT-TIMING" Name="Demo_timing_summary_physopted.rpt"/>
  <File Type="ROUTE-ERROR-DCP" Name="Demo_routed_error.dcp"/>
  <File Type="ROUTE-DCP" Name="Demo_routed.dcp"/>
  <File Type="ROUTE-BLACKBOX-DCP" Name="Demo_routed_bb.dcp"/>
  <File Type="ROUTE-DRC" Name="Demo_drc_routed.rpt"/>
  <File Type="ROUTE-DRC-PB" Name="Demo_drc_routed.pb"/>
  <File Type="BITSTR-LTX" Name="debug_nets.ltx"/>
  <File Type="BITSTR-LTX" Name="Demo.ltx"/>
  <File Type="ROUTE-DRC-RPX" Name="Demo_drc_routed.rpx"/>
  <File Type="BITSTR-MMI" Name="Demo.mmi"/>
  <File Type="ROUTE-METHODOLOGY-DRC" Name="Demo_methodology_drc_routed.rpt"/>
  <File Type="ROUTE-METHODOLOGY-DRC-RPX" Name="Demo_methodology_drc_routed.rpx"/>
  <File Type="BITSTR-SYSDEF" Name="Demo.sysdef"/>
  <File Type="ROUTE-METHODOLOGY-DRC-PB" Name="Demo_methodology_drc_routed.pb"/>
  <File Type="ROUTE-PWR-RPX" Name="Demo_power_routed.rpx"/>
  <File Type="ROUTE-STATUS" Name="Demo_route_status.rpt"/>
  <File Type="ROUTE-STATUS-PB" Name="Demo_route_status.pb"/>
  <File Type="ROUTE-TIMINGSUMMARY" Name="Demo_timing_summary_routed.rpt"/>
  <File Type="ROUTE-TIMING-PB" Name="Demo_timing_summary_routed.pb"/>
  <File Type="ROUTE-TIMING-RPX" Name="Demo_timing_summary_routed.rpx"/>
  <File Type="ROUTE-SIMILARITY" Name="Demo_incremental_reuse_routed.rpt"/>
  <File Type="ROUTE-CLK" Name="Demo_clock_utilization_routed.rpt"/>
  <File Type="ROUTE-BUS-SKEW" Name="Demo_bus_skew_routed.rpt"/>
  <File Type="ROUTE-BUS-SKEW-PB" Name="Demo_bus_skew_routed.pb"/>
  <File Type="ROUTE-BUS-SKEW-RPX" Name="Demo_bus_skew_routed.rpx"/>
  <File Type="POSTROUTE-PHYSOPT-DCP" Name="Demo_postroute_physopt.dcp"/>
  <File Type="POSTROUTE-PHYSOPT-BLACKBOX-DCP" Name="Demo_postroute_physopt_bb.dcp"/>
  <File Type="POSTROUTE-PHYSOPT-TIMING" Name="Demo_timing_summary_postroute_physopted.rpt"/>
  <File Type="POSTROUTE-PHYSOPT-TIMING-PB" Name="Demo_timing_summary_postroute_physopted.pb"/>
  <File Type="POSTROUTE-PHYSOPT-TIMING-RPX" Name="Demo_timing_summary_postroute_physopted.rpx"/>
  <File Type="POSTROUTE-PHYSOPT-BUS-SKEW" Name="Demo_bus_skew_postroute_physopted.rpt"/>
  <File Type="POSTROUTE-PHYSOPT-BUS-SKEW-PB" Name="Demo_bus_skew_postroute_physopted.pb"/>
  <File Type="BG-BIT" Name="Demo.bit"/>
  <File Type="POSTROUTE-PHYSOPT-BUS-SKEW-RPX" Name="Demo_bus_skew_postroute_physopted.rpx"/>
  <File Type="BITSTR-RBT" Name="Demo.rbt"/>
  <File Type="BITSTR-NKY" Name="Demo.nky"/>
  <File Type="BG-DRC" Name="Demo.drc"/>
  <File Type="RDI-RDI" Name="Demo.vdi"/>
  <File Type="WBT-USG" Name="usage_statistics_webtalk.html"/>
  <FileSet Name="sources" Type="DesignSrcs" RelSrcDir="$PSRCDIR/sources_1">
    <Filter Type="Srcs"/>
    <File Path="$PSRCDIR/sources_1/new/BCD+BCD.v">
      <FileInfo>
        <Attr Name="UsedIn" Val="synthesis"/>
        <Attr Name="UsedIn" Val="implementation"/>
        <Attr Name="UsedIn" Val="simulation"/>
      </FileInfo>
    </File>
    <File Path="$PSRCDIR/sources_1/new/BCD.v">
      <FileInfo>
        <Attr Name="UsedIn" Val="synthesis"/>
        <Attr Name="UsedIn" Val="implementation"/>
        <Attr Name="UsedIn" Val="simulation"/>
      </FileInfo>
    </File>
    <File Path="$PSRCDIR/sources_1/new/FullAdder_4bit.v">
      <FileInfo>
        <Attr Name="UsedIn" Val="synthesis"/>
        <Attr Name="UsedIn" Val="implementation"/>
        <Attr Name="UsedIn" Val="simulation"/>
      </FileInfo>
    </File>
    <File Path="$PSRCDIR/sources_1/new/Full_Adder.v">
      <FileInfo>
        <Attr Name="UsedIn" Val="synthesis"/>
        <Attr Name="UsedIn" Val="implementation"/>
        <Attr Name="UsedIn" Val="simulation"/>
      </FileInfo>
    </File>
    <File Path="$PSRCDIR/sources_1/new/Half_Adder.v">
      <FileInfo>
        <Attr Name="UsedIn" Val="synthesis"/>
        <Attr Name="UsedIn" Val="implementation"/>
        <Attr Name="UsedIn" Val="simulation"/>
      </FileInfo>
    </File>
    <File Path="$PSRCDIR/sources_1/new/Demo.v">
      <FileInfo>
        <Attr Name="UsedIn" Val="synthesis"/>
        <Attr Name="UsedIn" Val="implementation"/>
        <Attr Name="UsedIn" Val="simulation"/>
      </FileInfo>
    </File>
    <Config>
      <Option Name="DesignMode" Val="RTL"/>
      <Option Name="TopModule" Val="Demo"/>
    </Config>
  </FileSet>
  <FileSet Name="constrs_in" Type="Constrs" RelSrcDir="$PSRCDIR/constrs_1">
    <Filter Type="Constrs"/>
    <File Path="$PSRCDIR/constrs_1/new/Lab3.xdc">
      <FileInfo>
        <Attr Name="UsedIn" Val="synthesis"/>
        <Attr Name="UsedIn" Val="implementation"/>
      </FileInfo>
    </File>
    <Config>
      <Option Name="TargetConstrsFile" Val="$PSRCDIR/constrs_1/new/Lab3.xdc"/>
      <Option Name="ConstrsType" Val="XDC"/>
    </Config>
  </FileSet>
  <FileSet Name="utils" Type="Utils" RelSrcDir="$PSRCDIR/utils_1">
    <Filter Type="Utils"/>
    <Config>
      <Option Name="TopAutoSet" Val="TRUE"/>
    </Config>
  </FileSet>
  <Strategy Version="1" Minor="2">
    <StratHandle Name="Vivado Implementation Defaults" Flow="Vivado Implementation 2019"/>
    <Step Id="init_design"/>
    <Step Id="opt_design"/>
    <Step Id="power_opt_design"/>
    <Step Id="place_design"/>
    <Step Id="post_place_power_opt_design"/>
    <Step Id="phys_opt_design"/>
    <Step Id="route_design"/>
    <Step Id="post_route_phys_opt_design"/>
    <Step Id="write_bitstream"/>
  </Strategy>
</GenRun>
